{
  "expert": "black-o2",
  "direction": "black",
  "order": 2,
  "prime": 13,
  "actor_pid": "bd6ba3f4db056000",
  "accuracy": 0.2573933333333333,
  "error_rate": 0.7426066666666666,
  "mean_confidence": 36.69892,
  "high_confidence_blunders": 17008,
  "touched_slots": 13153,
  "replacements": 50869,
  "codec_cpl_vs_best": 0,
  "fischer_verdict": "PROCEED",
  "trust_pct": 100.0,
  "raw_bytes": 150000,
  "schedule": "pyramid",
  "stride": 32,
  "block_size": 4096,
  "table_bits": 17,
  "elapsed_s": 1.6405354409944266,
  "sha256_in": "3803c167dfeb4a91936ac52011be24639822204896b8d0a4658e0480f0f5dc1f"
}