{
  "expert": "white-o1",
  "direction": "white",
  "order": 1,
  "prime": 29,
  "actor_pid": "31ea9b152382619d",
  "accuracy": 0.18414,
  "error_rate": 0.81586,
  "mean_confidence": 67.03541333333334,
  "high_confidence_blunders": 33483,
  "touched_slots": 1059,
  "replacements": 55988,
  "codec_cpl_vs_best": 0,
  "fischer_verdict": "PROCEED",
  "trust_pct": 100.0,
  "raw_bytes": 150000,
  "schedule": "pyramid",
  "stride": 32,
  "block_size": 4096,
  "table_bits": 17,
  "elapsed_s": 2.0350827319780365,
  "sha256_in": "3803c167dfeb4a91936ac52011be24639822204896b8d0a4658e0480f0f5dc1f"
}