{
  "raw_bytes": 100000000,
  "raw_sha256": "2b49720ec4d78c3c9fabaee6e4179a5e997302b3a70029f30f2d582218c024a8",
  "head_s": 3.284939987992402,
  "q4_bytes": 3200,
  "q8v2_bytes": 3260,
  "q4_sha256": "6a92f3b266a641fe132f66cefe75940976a01b93bfcbfe392d9a3d4671f9b527",
  "q8v2_sha256": "5a45e2e669bb26691b9e16df7a0ac436b3ded0308d195ceaf403c028d7329873",
  "raw_sha_ns": 584517191,
  "q4_sha_ns": 4710.0,
  "q8_sha_ns": 4045.0,
  "raw_compare_ns": 927999288,
  "q4_compare_ns": 2269.0,
  "q8_compare_ns": 2448.0,
  "q4_sha_gain": 124101.3144373673,
  "q8_sha_gain": 144503.63189122375,
  "q4_compare_gain": 408990.43102688406,
  "q8_compare_gain": 379084.67647058825,
  "q4_payload_ratio": 31250.0,
  "q8_payload_ratio": 30674.84662576687,
  "restore_capable": false,
  "identity_bound_by_raw_sha": true,
  "fidelity_sweep": false
}