{
  "summary": {
    "raw_bytes": 150000,
    "backend": "zstd",
    "black_pyramid_bytes": 85342,
    "blackwhite_pyramid_bytes": 83628,
    "white_gain_vs_black_pct": 2.008389772913688,
    "black_pyramid_bpc": 4.551573333333334,
    "blackwhite_pyramid_bpc": 4.46016,
    "blackwhite_black_trust_pct": 49.55663823383512,
    "blackwhite_white_trust_pct": 50.44336176616488,
    "all_restore": true,
    "sha256": "3803c167dfeb4a91936ac52011be24639822204896b8d0a4658e0480f0f5dc1f"
  },
  "rows": [
    {
      "name": "black-sequential",
      "mode": "black",
      "prediction_calls": 150000,
      "hit_rate": 0.44128666666666666,
      "miss_rate": 0.5587133333333333,
      "mixer_accuracy": 0.44128666666666666,
      "disagreement_rate": 0.8550466666666666,
      "black_trust_pct": 100.0,
      "white_trust_pct": 0,
      "global_mode": 32,
      "experts": [
        {
          "expert": "black-o1",
          "direction": "black",
          "order": 1,
          "prime": 11,
          "actor_pid": "d5491a5ac5a12d9c",
          "accuracy": 0.23531333333333335,
          "error_rate": 0.7646866666666666,
          "mean_confidence": 196.20524,
          "high_confidence_blunders": 54407,
          "touched_slots": 255,
          "replacements": 33449,
          "codec_cpl_vs_best": 279,
          "fischer_verdict": "HOLD",
          "trust_pct": 13.305532662318504
        },
        {
          "expert": "black-o2",
          "direction": "black",
          "order": 2,
          "prime": 13,
          "actor_pid": "bd6ba3f4db056000",
          "accuracy": 0.3938,
          "error_rate": 0.6062000000000001,
          "mean_confidence": 249.26758,
          "high_confidence_blunders": 46231,
          "touched_slots": 2897,
          "replacements": 19613,
          "codec_cpl_vs_best": 120,
          "fischer_verdict": "PROCEED",
          "trust_pct": 24.031980218343296
        },
        {
          "expert": "black-o3",
          "direction": "black",
          "order": 3,
          "prime": 17,
          "actor_pid": "97447c5c35f73aeb",
          "accuracy": 0.4987666666666667,
          "error_rate": 0.5012333333333333,
          "mean_confidence": 105.59926666666667,
          "high_confidence_blunders": 23712,
          "touched_slots": 11885,
          "replacements": 19804,
          "codec_cpl_vs_best": 15,
          "fischer_verdict": "PROCEED",
          "trust_pct": 25.266101391281673
        },
        {
          "expert": "black-o4",
          "direction": "black",
          "order": 4,
          "prime": 19,
          "actor_pid": "7b399864fc3f8776",
          "accuracy": 0.5141333333333333,
          "error_rate": 0.48586666666666667,
          "mean_confidence": 49.18608666666667,
          "high_confidence_blunders": 9726,
          "touched_slots": 25830,
          "replacements": 24803,
          "codec_cpl_vs_best": 0,
          "fischer_verdict": "PROCEED",
          "trust_pct": 20.86913010123486
        },
        {
          "expert": "black-o5",
          "direction": "black",
          "order": 5,
          "prime": 23,
          "actor_pid": "44637f04b1c10e2e",
          "accuracy": 0.47988,
          "error_rate": 0.52012,
          "mean_confidence": 30.96382,
          "high_confidence_blunders": 4649,
          "touched_slots": 39842,
          "replacements": 28576,
          "codec_cpl_vs_best": 34,
          "fischer_verdict": "PROCEED",
          "trust_pct": 16.527255626821667
        }
      ],
      "version": 3,
      "schedule": "sequential",
      "stride": 32,
      "block_size": 4096,
      "table_bits": 17,
      "backend": "zstd",
      "raw_len": 150000,
      "hit_count": 66193,
      "miss_count": 83807,
      "hit_bits_len": 150000,
      "packed_hits_len": 18750,
      "hit_comp_len": 17706,
      "miss_comp_len": 45302,
      "sha256_raw": "3803c167dfeb4a91936ac52011be24639822204896b8d0a4658e0480f0f5dc1f",
      "sha256_hit_stream": "eada425b4a9ea84b75ce9b64a5e62e4fdff525b1a18814d24c84d70922a64e66",
      "sha256_miss_stream": "2f8e1aff378185fcba676ba56f58c2cd7bbbd21f8b9512a4bb915b1d03ea7290",
      "archive_bytes": 63529,
      "archive_bpc": 3.3882133333333333,
      "payload_bytes": 63008,
      "payload_bpc": 3.3604266666666667,
      "baseline_bytes": 47914,
      "baseline_bpc": 2.5554133333333335,
      "delta_vs_baseline_pct": 32.58963977125684,
      "encode_model_s": 6.068709596002009,
      "sha256_archive": "cabd764c96d38177ddd9f06ada4ea922566b2b68ecc9b0f56d1f3547a10a7d68",
      "restore": true,
      "sha256_out": "3803c167dfeb4a91936ac52011be24639822204896b8d0a4658e0480f0f5dc1f",
      "decode_model_s": 6.098439584020525
    },
    {
      "name": "black-pyramid",
      "mode": "black",
      "prediction_calls": 150000,
      "hit_rate": 0.26072,
      "miss_rate": 0.73928,
      "mixer_accuracy": 0.26072,
      "disagreement_rate": 0.8910666666666667,
      "black_trust_pct": 100.0,
      "white_trust_pct": 0,
      "global_mode": 32,
      "experts": [
        {
          "expert": "black-o1",
          "direction": "black",
          "order": 1,
          "prime": 11,
          "actor_pid": "d5491a5ac5a12d9c",
          "accuracy": 0.18385333333333334,
          "error_rate": 0.8161466666666667,
          "mean_confidence": 58.1242,
          "high_confidence_blunders": 29968,
          "touched_slots": 1296,
          "replacements": 55915,
          "codec_cpl_vs_best": 100,
          "fischer_verdict": "PROCEED",
          "trust_pct": 24.15537991764964
        },
        {
          "expert": "black-o2",
          "direction": "black",
          "order": 2,
          "prime": 13,
          "actor_pid": "bd6ba3f4db056000",
          "accuracy": 0.2573933333333333,
          "error_rate": 0.7426066666666666,
          "mean_confidence": 36.69892,
          "high_confidence_blunders": 17008,
          "touched_slots": 13153,
          "replacements": 50869,
          "codec_cpl_vs_best": 26,
          "fischer_verdict": "PROCEED",
          "trust_pct": 29.377617522447757
        },
        {
          "expert": "black-o3",
          "direction": "black",
          "order": 3,
          "prime": 17,
          "actor_pid": "97447c5c35f73aeb",
          "accuracy": 0.2834466666666667,
          "error_rate": 0.7165533333333334,
          "mean_confidence": 9.209833333333334,
          "high_confidence_blunders": 4232,
          "touched_slots": 44684,
          "replacements": 50140,
          "codec_cpl_vs_best": 0,
          "fischer_verdict": "PROCEED",
          "trust_pct": 21.28130980732546
        },
        {
          "expert": "black-o4",
          "direction": "black",
          "order": 4,
          "prime": 19,
          "actor_pid": "7b399864fc3f8776",
          "accuracy": 0.26500666666666667,
          "error_rate": 0.7349933333333334,
          "mean_confidence": 3.97362,
          "high_confidence_blunders": 936,
          "touched_slots": 69190,
          "replacements": 49200,
          "codec_cpl_vs_best": 18,
          "fischer_verdict": "PROCEED",
          "trust_pct": 14.634014816013158
        },
        {
          "expert": "black-o5",
          "direction": "black",
          "order": 5,
          "prime": 23,
          "actor_pid": "44637f04b1c10e2e",
          "accuracy": 0.23694666666666667,
          "error_rate": 0.7630533333333334,
          "mean_confidence": 1.8828466666666666,
          "high_confidence_blunders": 348,
          "touched_slots": 78779,
          "replacements": 49947,
          "codec_cpl_vs_best": 46,
          "fischer_verdict": "PROCEED",
          "trust_pct": 10.551677936563985
        }
      ],
      "version": 3,
      "schedule": "pyramid",
      "stride": 32,
      "block_size": 4096,
      "table_bits": 17,
      "backend": "zstd",
      "raw_len": 150000,
      "hit_count": 39108,
      "miss_count": 110892,
      "hit_bits_len": 150000,
      "packed_hits_len": 18750,
      "hit_comp_len": 15032,